x_src,y_src,x_ref,y_ref,confidence,is_inlier
40.0000,56.0000,38.8032,56.8988,1.0000,1
56.0000,16.0000,56.0904,15.7995,1.0000,1
56.0000,24.0000,55.8794,24.8166,1.0000,1
120.0000,24.0000,116.8755,23.3667,1.0000,0
112.0000,16.0000,109.8914,18.9394,1.0000,0
112.0000,24.0000,109.7375,22.7199,1.0000,0
88.0000,16.0000,91.5806,14.4190,1.0000,0
64.0000,24.0000,63.4061,25.8855,1.0000,1
64.0000,16.0000,64.6059,15.3211,1.0000,1
64.0000,32.0000,64.1701,32.6225,1.0000,1
48.0000,40.0000,44.2617,39.7747,1.0000,0
80.0000,16.0000,80.9504,17.1417,1.0000,1
88.0000,24.0000,87.8428,24.0724,1.0000,1
144.0000,24.0000,144.0740,24.0434,1.0000,1
144.0000,32.0000,143.8103,32.1391,1.0000,1
136.0000,24.0000,135.9369,24.0510,1.0000,1
152.0000,32.0000,151.9129,32.0610,1.0000,1
144.0000,40.0000,142.4814,41.3415,1.0000,1
152.0000,40.0000,151.7534,40.2565,1.0000,1
136.0000,32.0000,135.8547,32.0576,1.0000,1
136.0000,48.0000,134.1071,51.6593,1.0000,0
144.0000,48.0000,141.3380,50.1605,1.0000,0
152.0000,24.0000,152.0832,23.9775,1.0000,1
168.0000,56.0000,168.0022,56.1597,1.0000,1
160.0000,32.0000,159.9970,32.1002,1.0000,1
144.0000,16.0000,144.0114,15.9721,1.0000,1
168.0000,48.0000,168.0462,47.9461,1.0000,1
128.0000,48.0000,127.8772,47.9823,1.0000,1
152.0000,16.0000,152.0501,15.9730,1.0000,1
160.0000,56.0000,159.4071,56.5592,1.0000,1
128.0000,32.0000,127.8113,31.9446,1.0000,1
136.0000,56.0000,134.3877,59.6589,1.0000,0
128.0000,40.0000,128.1773,39.9842,1.0000,1
160.0000,48.0000,159.9078,47.9784,1.0000,1
152.0000,48.0000,149.9287,48.6044,1.0000,1
176.0000,56.0000,176.0020,56.0558,1.0000,1
152.0000,56.0000,151.0980,56.6355,1.0000,1
168.0000,40.0000,167.7581,39.9517,1.0000,1
128.0000,56.0000,127.6412,55.7771,1.0000,1
264.0000,56.0000,263.6672,55.6427,1.0000,1
264.0000,48.0000,263.8445,47.7740,1.0000,1
272.0000,56.0000,272.2445,55.9376,1.0000,1
264.0000,40.0000,263.9946,40.5904,1.0000,1
320.0000,40.0000,319.5887,40.0338,1.0000,1
336.0000,56.0000,333.1693,58.2022,1.0000,0
264.0000,32.0000,263.8440,31.2436,1.0000,1
352.0000,40.0000,352.4533,39.5766,1.0000,1
488.0000,16.0000,479.7217,18.1825,1.0000,0
464.0000,56.0000,303.9319,22.9247,1.0000,0
560.0000,56.0000,559.4838,56.6620,1.0000,1
552.0000,56.0000,548.2266,57.9512,1.0000,0
552.0000,48.0000,548.5818,48.9265,1.0000,0
560.0000,48.0000,559.4380,48.0164,1.0000,1
624.0000,48.0000,623.9852,48.0087,1.0000,1
592.0000,56.0000,584.6736,54.0181,1.0000,0
616.0000,48.0000,615.6783,48.6226,1.0000,1
632.0000,48.0000,632.0449,47.9109,1.0000,1
576.0000,32.0000,570.7638,33.4645,1.0000,0
624.0000,56.0000,623.8412,55.8229,1.0000,1
544.0000,48.0000,540.1097,48.6939,1.0000,0
592.0000,24.0000,591.6743,23.7969,1.0000,1
584.0000,32.0000,579.3745,32.5593,1.0000,0
608.0000,48.0000,607.6390,48.4099,1.0000,1
584.0000,56.0000,577.8212,55.1831,1.0000,0
560.0000,40.0000,559.2132,39.9324,1.0000,1
624.0000,40.0000,623.8946,40.5668,1.0000,1
584.0000,48.0000,576.5275,47.0375,1.0000,0
592.0000,48.0000,583.6555,46.6197,1.0000,0
512.0000,24.0000,488.7099,31.6237,1.0000,0
608.0000,56.0000,607.8807,56.3804,1.0000,1
584.0000,40.0000,575.8336,38.8939,1.0000,0
616.0000,40.0000,615.6068,40.4285,1.0000,1
600.0000,24.0000,599.6659,23.8264,1.0000,1
592.0000,32.0000,591.5618,32.0253,1.0000,1
736.0000,56.0000,735.7541,56.2885,1.0000,1
736.0000,48.0000,735.7924,48.2097,1.0000,1
736.0000,40.0000,735.9686,39.7652,1.0000,1
744.0000,56.0000,744.3781,55.7977,1.0000,1
728.0000,24.0000,728.1363,23.7577,1.0000,1
728.0000,32.0000,728.3421,31.6296,1.0000,1
728.0000,16.0000,728.0015,15.8078,1.0000,1
736.0000,16.0000,735.5226,16.4810,1.0000,1
728.0000,40.0000,728.0319,39.7263,1.0000,1
728.0000,48.0000,727.8718,48.1194,1.0000,1
720.0000,16.0000,719.9766,15.9179,1.0000,1
728.0000,56.0000,727.9349,56.2638,1.0000,1
736.0000,24.0000,735.7244,24.0363,1.0000,1
736.0000,32.0000,736.3136,31.4034,1.0000,1
744.0000,48.0000,744.5596,47.7241,1.0000,1
744.0000,40.0000,744.3199,39.6856,1.0000,1
720.0000,24.0000,719.6356,24.3892,1.0000,1
744.0000,16.0000,743.4687,16.7535,1.0000,1
744.0000,32.0000,744.0298,31.7458,1.0000,1
752.0000,56.0000,752.2618,55.6912,1.0000,1
720.0000,40.0000,719.9827,39.8887,1.0000,1
752.0000,40.0000,752.3524,39.7488,1.0000,1
720.0000,32.0000,719.5388,32.4270,1.0000,1
752.0000,32.0000,752.1077,31.9283,1.0000,1
720.0000,48.0000,719.6997,48.1489,1.0000,1
744.0000,24.0000,743.5389,23.9450,1.0000,1
752.0000,48.0000,752.5380,47.5727,1.0000,1
752.0000,16.0000,751.7278,16.3050,1.0000,1
800.0000,16.0000,799.2642,15.7143,1.0000,1
792.0000,24.0000,792.0637,23.9210,1.0000,1
808.0000,16.0000,807.1140,15.5244,1.0000,1
816.0000,32.0000,815.4902,31.9402,1.0000,1
832.0000,56.0000,831.8362,55.7491,1.0000,1
816.0000,40.0000,815.5950,40.0241,1.0000,1
784.0000,32.0000,784.1570,31.8067,1.0000,1
800.0000,24.0000,799.4777,24.1643,1.0000,1
840.0000,56.0000,839.8488,55.7897,1.0000,1
848.0000,56.0000,847.6721,56.2335,1.0000,1
816.0000,24.0000,815.2131,24.2836,1.0000,1
840.0000,40.0000,838.8000,40.5221,1.0000,1
808.0000,32.0000,807.6654,32.0708,1.0000,1
808.0000,24.0000,807.2142,24.2446,1.0000,1
792.0000,32.0000,791.9591,31.9866,1.0000,1
784.0000,24.0000,784.0538,23.9888,1.0000,1
800.0000,32.0000,799.5443,32.2489,1.0000,1
808.0000,56.0000,807.7590,55.9499,1.0000,1
808.0000,40.0000,807.6231,40.0653,1.0000,1
792.0000,16.0000,791.7890,16.0145,1.0000,1
784.0000,40.0000,783.7051,40.2899,1.0000,1
824.0000,32.0000,821.5982,33.4426,1.0000,0
808.0000,48.0000,807.7533,47.9810,1.0000,1
840.0000,48.0000,838.8187,48.2539,1.0000,1
856.0000,56.0000,855.7281,56.3193,1.0000,1
848.0000,48.0000,847.7130,48.1673,1.0000,1
824.0000,24.0000,823.3829,24.2472,1.0000,1
856.0000,48.0000,855.6208,48.4373,1.0000,1
984.0000,24.0000,983.8425,24.0107,1.0000,1
960.0000,56.0000,959.8625,56.1105,1.0000,1
1000.0000,56.0000,999.8875,55.9180,1.0000,1
976.0000,16.0000,975.8282,15.9861,1.0000,1
968.0000,16.0000,967.8138,16.0363,1.0000,1
992.0000,56.0000,991.8853,55.9205,1.0000,1
992.0000,24.0000,991.5445,24.1512,1.0000,1
968.0000,48.0000,968.0464,47.8985,1.0000,1
944.0000,16.0000,944.0804,15.8323,1.0000,1
984.0000,16.0000,983.9090,15.8831,1.0000,1
960.0000,48.0000,959.8632,48.2006,1.0000,1
960.0000,16.0000,959.8438,16.0200,1.0000,1
952.0000,40.0000,952.0598,40.0046,1.0000,1
952.0000,24.0000,951.9293,24.0225,1.0000,1
1000.0000,16.0000,999.8051,15.9421,1.0000,1
936.0000,24.0000,935.9623,24.1215,1.0000,1
968.0000,56.0000,968.1000,55.9047,1.0000,1
1000.0000,24.0000,999.5883,24.1323,1.0000,1
960.0000,24.0000,959.9425,24.0213,1.0000,1
992.0000,16.0000,991.8724,15.8686,1.0000,1
968.0000,40.0000,968.0056,39.9406,1.0000,1
976.0000,24.0000,975.9121,23.8369,1.0000,1
936.0000,16.0000,936.0259,16.0040,1.0000,1
968.0000,24.0000,968.0370,23.9431,1.0000,1
944.0000,32.0000,944.1252,31.8498,1.0000,1
968.0000,32.0000,968.0456,31.9548,1.0000,1
976.0000,32.0000,975.9870,31.8726,1.0000,1
984.0000,56.0000,983.4002,56.4000,1.0000,1
16.0000,88.0000,16.2020,87.8930,1.0000,1
16.0000,96.0000,16.0824,96.2369,1.0000,1
16.0000,104.0000,15.9638,104.1127,1.0000,1
24.0000,96.0000,23.8182,96.8051,1.0000,1
24.0000,88.0000,23.9853,88.1939,1.0000,1
24.0000,80.0000,23.9375,79.9826,1.0000,1
24.0000,72.0000,23.9720,71.6524,1.0000,1
16.0000,112.0000,15.8761,112.1935,1.0000,1
16.0000,80.0000,16.1475,79.9264,1.0000,1
32.0000,72.0000,31.8782,72.5833,1.0000,1
24.0000,104.0000,24.1934,103.6474,1.0000,1
24.0000,112.0000,24.1266,111.8254,1.0000,1
16.0000,72.0000,16.2806,71.4465,1.0000,1
32.0000,80.0000,31.9691,80.3544,1.0000,1
16.0000,120.0000,15.7837,120.8143,1.0000,1
16.0000,64.0000,16.3629,63.2591,1.0000,1
24.0000,64.0000,24.1755,64.0213,1.0000,1
32.0000,64.0000,32.0691,63.9828,1.0000,1
32.0000,88.0000,31.7303,88.4548,1.0000,1
24.0000,120.0000,22.7046,120.4528,1.0000,1
112.0000,96.0000,112.3280,95.8857,1.0000,1
96.0000,80.0000,97.0168,77.4050,1.0000,0
32.0000,104.0000,31.9883,103.7952,1.0000,1
32.0000,120.0000,31.4891,119.6366,1.0000,1
104.0000,96.0000,107.3050,94.5539,1.0000,0
224.0000,120.0000,223.6893,119.8451,1.0000,1
248.0000,88.0000,247.4762,88.0425,1.0000,1
216.0000,120.0000,215.4829,119.9949,1.0000,1
248.0000,96.0000,247.2868,97.4737,1.0000,1
248.0000,80.0000,246.5811,77.0898,1.0000,0
248.0000,72.0000,245.7930,67.9404,1.0000,0
248.0000,64.0000,246.1546,64.8933,1.0000,1
224.0000,112.0000,223.6812,111.6403,1.0000,1
144.0000,64.0000,142.2768,65.3763,1.0000,1
152.0000,64.0000,151.5531,64.2797,1.0000,1
216.0000,112.0000,215.3037,111.8461,1.0000,1
248.0000,104.0000,247.6749,105.1989,1.0000,1
160.0000,64.0000,159.4303,64.3808,1.0000,1
168.0000,64.0000,168.1709,64.2012,1.0000,1
176.0000,96.0000,174.1062,98.5691,1.0000,0
128.0000,88.0000,127.2929,88.8028,1.0000,1
152.0000,72.0000,150.1959,72.0706,1.0000,1
240.0000,72.0000,240.7620,71.1930,1.0000,1
128.0000,96.0000,126.2753,96.8595,1.0000,1
200.0000,112.0000,199.9762,112.0143,1.0000,1
264.0000,72.0000,263.9417,72.0252,1.0000,1
256.0000,80.0000,255.4404,78.6590,1.0000,1
272.0000,72.0000,272.4655,72.0296,1.0000,1
264.0000,64.0000,263.6891,64.1631,1.0000,1
272.0000,64.0000,272.2586,63.9318,1.0000,1
256.0000,64.0000,252.6202,62.3813,1.0000,0
264.0000,120.0000,263.7274,120.0625,1.0000,1
280.0000,72.0000,280.3382,72.5163,1.0000,1
280.0000,80.0000,280.4239,80.0217,1.0000,1
280.0000,96.0000,288.4019,97.5911,1.0000,0
336.0000,72.0000,335.9380,72.6946,1.0000,1
256.0000,120.0000,255.0597,120.5103,1.0000,1
256.0000,112.0000,255.2975,112.3341,1.0000,1
376.0000,96.0000,372.0292,93.8224,1.0000,0
264.0000,112.0000,263.7200,111.7915,1.0000,1
336.0000,64.0000,335.2927,64.5132,1.0000,1
352.0000,120.0000,351.7626,117.5118,1.0000,0
520.0000,120.0000,520.0577,119.9335,1.0000,1
512.0000,120.0000,512.0708,119.9693,1.0000,1
520.0000,104.0000,520.5621,103.5988,1.0000,1
520.0000,112.0000,520.3189,111.7548,1.0000,1
512.0000,104.0000,511.8443,104.0269,1.0000,1
536.0000,80.0000,535.8547,79.6487,1.0000,1
512.0000,96.0000,512.0325,95.8882,1.0000,1
544.0000,72.0000,543.9605,71.9947,1.0000,1
512.0000,112.0000,511.9355,111.9452,1.0000,1
536.0000,88.0000,535.4759,88.3642,1.0000,1
552.0000,64.0000,551.4045,64.3963,1.0000,1
544.0000,88.0000,544.9413,87.5793,1.0000,1
520.0000,96.0000,519.9533,96.0344,1.0000,1
544.0000,80.0000,544.2281,79.4257,1.0000,1
632.0000,104.0000,631.2151,104.7610,1.0000,1
568.0000,88.0000,565.5335,89.4996,1.0000,0
544.0000,64.0000,543.9515,64.2296,1.0000,1
528.0000,88.0000,523.1305,88.4679,1.0000,0
632.0000,96.0000,631.0881,96.3630,1.0000,1
528.0000,96.0000,527.8838,96.4703,1.0000,1
528.0000,80.0000,527.6113,80.3733,1.0000,1
512.0000,88.0000,512.3005,87.6483,1.0000,1
576.0000,88.0000,575.3269,88.0511,1.0000,1
536.0000,72.0000,535.9654,72.0575,1.0000,1
528.0000,104.0000,528.2535,103.8310,1.0000,1
736.0000,64.0000,735.8672,63.9731,1.0000,1
744.0000,64.0000,743.8828,64.2445,1.0000,1
704.0000,120.0000,703.8174,120.3951,1.0000,1
728.0000,64.0000,727.9146,63.8728,1.0000,1
728.0000,72.0000,727.8796,71.9145,1.0000,1
728.0000,80.0000,727.8788,80.1245,1.0000,1
712.0000,104.0000,712.1113,103.8895,1.0000,1
736.0000,72.0000,736.1264,71.7593,1.0000,1
712.0000,96.0000,711.9444,95.7564,1.0000,1
712.0000,120.0000,712.3823,120.1689,1.0000,1
728.0000,88.0000,727.9139,88.1254,1.0000,1
736.0000,80.0000,736.2414,80.0116,1.0000,1
704.0000,104.0000,703.9740,103.4939,1.0000,1
696.0000,120.0000,695.6203,119.8292,1.0000,1
752.0000,96.0000,751.8439,95.9486,1.0000,1
744.0000,72.0000,744.4442,71.8068,1.0000,1
752.0000,64.0000,751.8495,64.2270,1.0000,1
736.0000,88.0000,736.1121,87.9193,1.0000,1
720.0000,64.0000,717.9855,65.9081,1.0000,0
752.0000,88.0000,751.5675,88.4258,1.0000,1
712.0000,112.0000,713.3013,111.0595,1.0000,1
720.0000,96.0000,719.9598,96.1370,1.0000,1
720.0000,88.0000,719.8934,87.8648,1.0000,1
760.0000,88.0000,759.6948,88.0247,1.0000,1
752.0000,104.0000,751.9496,103.7774,1.0000,1
704.0000,112.0000,703.8600,111.7948,1.0000,1
728.0000,96.0000,727.8770,96.2090,1.0000,1
728.0000,104.0000,727.4727,104.5129,1.0000,1
832.0000,64.0000,831.6487,64.1129,1.0000,1
848.0000,64.0000,847.8133,64.1359,1.0000,1
808.0000,64.0000,807.7306,64.0451,1.0000,1
840.0000,72.0000,839.6980,72.1488,1.0000,1
848.0000,72.0000,847.7593,72.0350,1.0000,1
840.0000,64.0000,839.7443,64.1865,1.0000,1
856.0000,64.0000,855.6912,64.1365,1.0000,1
832.0000,72.0000,831.7082,72.1147,1.0000,1
824.0000,104.0000,824.1193,103.7815,1.0000,1
816.0000,64.0000,815.2662,64.3047,1.0000,1
808.0000,72.0000,807.1321,72.6780,1.0000,1
824.0000,72.0000,823.4941,72.4010,1.0000,1
824.0000,112.0000,823.2477,112.3202,1.0000,1
824.0000,88.0000,823.0852,88.4163,1.0000,1
800.0000,72.0000,799.4676,72.4235,1.0000,1
816.0000,72.0000,815.4594,72.3656,1.0000,1
824.0000,64.0000,823.2570,64.5626,1.0000,1
832.0000,112.0000,829.9565,112.8262,1.0000,0
824.0000,96.0000,823.6533,95.6613,1.0000,1
840.0000,88.0000,840.1817,87.8498,1.0000,1
856.0000,72.0000,855.5474,72.0969,1.0000,1
824.0000,80.0000,823.3525,80.3166,1.0000,1
816.0000,96.0000,815.6989,96.1214,1.0000,1
816.0000,88.0000,815.4152,88.3459,1.0000,1
776.0000,64.0000,773.6484,64.5257,1.0000,0
808.0000,88.0000,805.8547,89.7143,1.0000,0
768.0000,72.0000,766.7200,72.2922,1.0000,1
840.0000,80.0000,839.8074,80.0816,1.0000,1
992.0000,72.0000,991.8525,72.0376,1.0000,1
1000.0000,104.0000,999.9186,103.9809,1.0000,1
992.0000,80.0000,991.9430,80.0000,1.0000,1
992.0000,88.0000,992.0198,87.9571,1.0000,1
992.0000,96.0000,991.9149,95.9735,1.0000,1
984.0000,80.0000,983.6567,79.9269,1.0000,1
984.0000,88.0000,983.7954,87.6587,1.0000,1
1000.0000,88.0000,999.9955,87.9084,1.0000,1
1000.0000,96.0000,999.8869,95.8198,1.0000,1
984.0000,72.0000,983.8360,72.0959,1.0000,1
992.0000,104.0000,991.9515,103.9281,1.0000,1
992.0000,64.0000,991.8458,63.9777,1.0000,1
960.0000,64.0000,959.7701,64.0681,1.0000,1
1000.0000,72.0000,999.8932,72.0413,1.0000,1
984.0000,96.0000,983.9383,96.0098,1.0000,1
984.0000,104.0000,983.9031,104.0950,1.0000,1
992.0000,112.0000,991.9230,112.0755,1.0000,1
968.0000,64.0000,968.0914,63.9753,1.0000,1
1000.0000,80.0000,999.8777,80.0304,1.0000,1
1000.0000,64.0000,999.8889,63.9325,1.0000,1
968.0000,80.0000,968.0960,80.0651,1.0000,1
1000.0000,112.0000,999.9597,112.0994,1.0000,1
960.0000,72.0000,959.8363,72.0360,1.0000,1
984.0000,112.0000,983.7720,112.1839,1.0000,1
968.0000,72.0000,968.0826,71.9698,1.0000,1
968.0000,88.0000,967.9330,88.1985,1.0000,1
968.0000,120.0000,967.9910,119.9292,1.0000,1
976.0000,96.0000,975.7750,96.1234,1.0000,1
480.0000,120.0000,480.0902,119.7708,1.0000,1
488.0000,120.0000,487.8828,119.8262,1.0000,1
472.0000,120.0000,471.7822,120.2488,1.0000,1
488.0000,112.0000,487.9455,111.9640,1.0000,1
472.0000,112.0000,471.9522,111.8487,1.0000,1
480.0000,112.0000,480.3098,111.7658,1.0000,1
464.0000,120.0000,463.6082,119.8659,1.0000,1
488.0000,104.0000,487.9718,104.1871,1.0000,1
488.0000,96.0000,487.8644,96.1994,1.0000,1
480.0000,104.0000,480.0926,103.8277,1.0000,1
480.0000,96.0000,479.8148,96.0370,1.0000,1
496.0000,120.0000,495.4393,120.1730,1.0000,1
496.0000,104.0000,495.9842,104.0583,1.0000,1
496.0000,112.0000,495.4078,112.5747,1.0000,1
504.0000,112.0000,503.3250,112.5441,1.0000,1
496.0000,96.0000,496.0293,96.0534,1.0000,1
504.0000,104.0000,503.8555,104.0473,1.0000,1
464.0000,112.0000,463.6065,111.2176,1.0000,1
504.0000,96.0000,504.2055,95.7697,1.0000,1
472.0000,104.0000,471.8470,103.6628,1.0000,1
504.0000,120.0000,503.7176,120.1011,1.0000,1
456.0000,120.0000,455.1407,119.6815,1.0000,1
392.0000,96.0000,390.9073,93.7753,1.0000,0
488.0000,88.0000,488.2827,87.7122,1.0000,1
472.0000,96.0000,469.1470,97.1571,1.0000,0
24.0000,128.0000,22.0713,129.3872,1.0000,1
104.0000,136.0000,103.9466,136.1026,1.0000,1
96.0000,128.0000,96.1851,127.9293,1.0000,1
48.0000,136.0000,57.3367,138.4197,1.0000,0
104.0000,128.0000,103.9885,127.9952,1.0000,1
24.0000,160.0000,21.1428,160.7077,1.0000,0
48.0000,128.0000,57.4102,129.4361,1.0000,0
96.0000,136.0000,96.1574,135.8186,1.0000,1
40.0000,128.0000,48.7345,132.5272,1.0000,0
32.0000,160.0000,31.2133,158.4179,1.0000,1
56.0000,168.0000,55.4697,168.9057,1.0000,1
56.0000,160.0000,53.3719,160.9533,1.0000,0
96.0000,144.0000,95.4417,143.8919,1.0000,1
168.0000,160.0000,168.0421,160.0232,1.0000,1
160.0000,160.0000,159.8899,160.2263,1.0000,1
168.0000,168.0000,168.5399,167.5846,1.0000,1
160.0000,168.0000,159.5132,168.1908,1.0000,1
160.0000,152.0000,159.7754,152.0171,1.0000,1
168.0000,144.0000,168.2285,143.4996,1.0000,1
168.0000,152.0000,167.9985,152.1230,1.0000,1
176.0000,160.0000,175.9232,159.9939,1.0000,1
168.0000,176.0000,168.7841,177.1518,1.0000,1
160.0000,176.0000,159.6626,176.3962,1.0000,1
176.0000,152.0000,175.9563,151.9380,1.0000,1
176.0000,144.0000,175.9515,143.9033,1.0000,1
152.0000,184.0000,151.9683,183.7881,1.0000,1
160.0000,184.0000,159.8282,184.3823,1.0000,1
152.0000,176.0000,151.7502,176.1758,1.0000,1
184.0000,152.0000,184.1367,151.6169,1.0000,1
152.0000,160.0000,151.3543,160.5130,1.0000,1
224.0000,128.0000,223.5945,128.3800,1.0000,1
176.0000,136.0000,176.1025,136.2756,1.0000,1
152.0000,168.0000,151.3192,168.5725,1.0000,1
144.0000,176.0000,143.4486,176.2335,1.0000,1
144.0000,184.0000,143.7619,184.0060,1.0000,1
176.0000,168.0000,176.6522,167.5703,1.0000,1
168.0000,136.0000,167.9527,135.5679,1.0000,1
224.0000,136.0000,223.5856,135.8651,1.0000,1
200.0000,168.0000,199.5710,167.3163,1.0000,1
264.0000,128.0000,263.6822,128.7933,1.0000,1
352.0000,128.0000,352.1162,128.4155,1.0000,1
480.0000,128.0000,479.5137,128.4527,1.0000,1
480.0000,152.0000,479.8375,151.8717,1.0000,1
480.0000,144.0000,479.8644,143.9032,1.0000,1
464.0000,160.0000,463.7935,160.0687,1.0000,1
480.0000,136.0000,479.5768,136.5042,1.0000,1
472.0000,160.0000,471.9957,159.9944,1.0000,1
472.0000,168.0000,472.0236,167.8999,1.0000,1
472.0000,152.0000,471.9511,152.0161,1.0000,1
456.0000,184.0000,456.0123,183.9875,1.0000,1
456.0000,168.0000,455.5705,168.2862,1.0000,1
488.0000,136.0000,488.0427,135.9688,1.0000,1
448.0000,184.0000,447.7786,183.9402,1.0000,1
464.0000,168.0000,463.8751,167.9103,1.0000,1
456.0000,160.0000,455.4879,160.3885,1.0000,1
480.0000,160.0000,479.9081,160.1239,1.0000,1
488.0000,144.0000,487.9617,143.9528,1.0000,1
424.0000,184.0000,423.6976,184.0951,1.0000,1
488.0000,128.0000,488.0047,127.9383,1.0000,1
480.0000,168.0000,479.9633,167.9923,1.0000,1
456.0000,176.0000,455.8255,176.0077,1.0000,1
464.0000,152.0000,463.8786,152.2058,1.0000,1
464.0000,176.0000,463.9762,175.9458,1.0000,1
472.0000,136.0000,470.6283,136.9236,1.0000,1
472.0000,144.0000,471.6633,144.0500,1.0000,1
448.0000,160.0000,447.0991,160.6979,1.0000,1
464.0000,144.0000,463.8312,143.5742,1.0000,1
464.0000,136.0000,463.8259,135.3539,1.0000,1
448.0000,176.0000,447.5661,175.4455,1.0000,1
584.0000,184.0000,583.9527,183.9645,1.0000,1
608.0000,184.0000,607.9534,184.0087,1.0000,1
576.0000,184.0000,575.8331,183.9850,1.0000,1
512.0000,152.0000,511.7974,151.9618,1.0000,1
520.0000,160.0000,520.2292,160.5513,1.0000,1
520.0000,152.0000,519.9628,152.0523,1.0000,1
576.0000,176.0000,575.9879,175.8026,1.0000,1
584.0000,176.0000,584.1622,175.6355,1.0000,1
568.0000,176.0000,568.0410,175.9386,1.0000,1
592.0000,184.0000,592.3682,183.7303,1.0000,1
568.0000,168.0000,568.2615,167.9258,1.0000,1
560.0000,176.0000,559.8754,175.8217,1.0000,1
600.0000,184.0000,600.1996,183.8710,1.0000,1
512.0000,128.0000,511.9874,127.9119,1.0000,1
568.0000,184.0000,567.8456,183.6518,1.0000,1
608.0000,176.0000,607.2604,176.0516,1.0000,1
528.0000,152.0000,527.9256,151.9107,1.0000,1
576.0000,168.0000,576.1769,167.3704,1.0000,1
512.0000,160.0000,511.9668,160.0513,1.0000,1
592.0000,176.0000,592.2142,175.7322,1.0000,1
544.0000,184.0000,544.1885,184.0524,1.0000,1
528.0000,160.0000,528.1218,160.1541,1.0000,1
584.0000,168.0000,583.9291,167.5377,1.0000,1
520.0000,128.0000,520.0637,128.1708,1.0000,1
512.0000,144.0000,511.8328,144.0238,1.0000,1
536.0000,176.0000,536.0986,175.9401,1.0000,1
520.0000,168.0000,520.2343,168.4132,1.0000,1
696.0000,136.0000,695.8908,136.0309,1.0000,1
760.0000,184.0000,759.7234,183.9116,1.0000,1
760.0000,168.0000,759.9904,168.1409,1.0000,1
704.0000,136.0000,703.7841,136.3804,1.0000,1
688.0000,136.0000,687.5309,136.4555,1.0000,1
760.0000,176.0000,760.0968,175.9458,1.0000,1
704.0000,128.0000,703.9281,128.0742,1.0000,1
752.0000,176.0000,751.8996,176.0300,1.0000,1
744.0000,136.0000,743.8392,136.0348,1.0000,1
752.0000,168.0000,751.8657,168.3654,1.0000,1
688.0000,128.0000,687.6755,127.9626,1.0000,1
752.0000,144.0000,751.8149,144.2353,1.0000,1
760.0000,160.0000,759.7747,160.0708,1.0000,1
752.0000,184.0000,751.7659,184.3233,1.0000,1
696.0000,144.0000,696.1970,143.7481,1.0000,1
752.0000,136.0000,751.7010,136.3363,1.0000,1
744.0000,168.0000,743.7884,168.2772,1.0000,1
752.0000,160.0000,751.7906,160.0402,1.0000,1
744.0000,160.0000,743.8185,160.1716,1.0000,1
704.0000,144.0000,703.7276,144.6038,1.0000,1
744.0000,128.0000,743.4919,128.4991,1.0000,1
712.0000,128.0000,711.9724,128.1684,1.0000,1
696.0000,128.0000,695.7059,128.1851,1.0000,1
736.0000,176.0000,735.4023,175.5250,1.0000,1
728.0000,176.0000,727.0966,176.5193,1.0000,1
744.0000,152.0000,743.9452,151.8882,1.0000,1
712.0000,136.0000,711.8165,136.2925,1.0000,1
800.0000,184.0000,799.7193,184.1519,1.0000,1
792.0000,184.0000,791.4726,184.0708,1.0000,1
784.0000,184.0000,782.1785,184.7279,1.0000,1
776.0000,184.0000,771.2412,185.8777,1.0000,0
768.0000,160.0000,767.7921,160.1581,1.0000,1
808.0000,184.0000,807.7613,184.2270,1.0000,1
768.0000,152.0000,767.9175,151.8855,1.0000,1
840.0000,144.0000,836.7322,144.5962,1.0000,0
768.0000,168.0000,767.3757,168.2948,1.0000,1
768.0000,144.0000,768.2191,143.3881,1.0000,1
784.0000,176.0000,780.8138,176.7928,1.0000,0
840.0000,176.0000,839.5229,175.8143,1.0000,1
776.0000,136.0000,775.5837,135.4800,1.0000,1
840.0000,136.0000,837.6951,137.9491,1.0000,0
776.0000,168.0000,775.3729,168.1131,1.0000,1
872.0000,136.0000,871.0399,136.4003,1.0000,1
872.0000,128.0000,871.3085,128.5978,1.0000,1
768.0000,136.0000,766.4689,136.7674,1.0000,1
816.0000,184.0000,816.8965,183.2657,1.0000,1
816.0000,176.0000,816.2565,175.8294,1.0000,1
776.0000,160.0000,775.7350,160.2181,1.0000,1
944.0000,160.0000,944.0461,159.9616,1.0000,1
944.0000,152.0000,944.0508,151.9941,1.0000,1
952.0000,160.0000,952.0531,159.8934,1.0000,1
944.0000,168.0000,944.0135,167.9897,1.0000,1
936.0000,160.0000,935.9881,159.9604,1.0000,1
952.0000,152.0000,952.0056,151.8883,1.0000,1
952.0000,168.0000,952.0397,168.0225,1.0000,1
960.0000,144.0000,959.9128,144.1122,1.0000,1
928.0000,168.0000,927.8582,168.1145,1.0000,1
928.0000,176.0000,927.9509,175.5289,1.0000,1
960.0000,168.0000,960.0074,167.9639,1.0000,1
928.0000,184.0000,928.0771,183.7732,1.0000,1
952.0000,144.0000,951.8215,144.1513,1.0000,1
968.0000,144.0000,968.1118,143.8099,1.0000,1
936.0000,152.0000,935.7351,152.0172,1.0000,1
960.0000,176.0000,959.8987,175.9491,1.0000,1
952.0000,176.0000,952.0085,175.8350,1.0000,1
944.0000,176.0000,943.7706,176.2439,1.0000,1
944.0000,144.0000,943.9041,143.9510,1.0000,1
976.0000,136.0000,976.0932,136.0243,1.0000,1
976.0000,144.0000,975.3943,143.8880,1.0000,1
936.0000,176.0000,935.7020,176.1151,1.0000,1
960.0000,184.0000,959.6227,184.2917,1.0000,1
936.0000,168.0000,935.9937,168.0331,1.0000,1
976.0000,128.0000,975.9250,128.1006,1.0000,1
1000.0000,136.0000,999.8687,135.8979,1.0000,1
968.0000,152.0000,967.9975,151.8001,1.0000,1
944.0000,184.0000,943.7843,184.1337,1.0000,1
72.0000,216.0000,67.8676,217.4189,1.0000,0
80.0000,224.0000,80.4836,224.8834,1.0000,1
80.0000,208.0000,76.7596,206.0807,1.0000,0
64.0000,232.0000,61.2852,232.8110,1.0000,0
80.0000,216.0000,78.2191,215.1251,1.0000,1
40.0000,232.0000,37.0887,231.5383,1.0000,0
56.0000,192.0000,55.5738,192.1274,1.0000,1
48.0000,192.0000,47.6231,191.8987,1.0000,1
48.0000,232.0000,45.2283,232.3599,1.0000,0
56.0000,232.0000,53.4713,233.3623,1.0000,0
104.0000,200.0000,94.2364,200.8976,1.0000,0
144.0000,224.0000,144.1324,223.9592,1.0000,1
136.0000,232.0000,135.8133,232.7122,1.0000,1
136.0000,224.0000,135.6754,224.5198,1.0000,1
144.0000,232.0000,143.6413,232.4821,1.0000,1
144.0000,216.0000,144.3190,215.8468,1.0000,1
136.0000,240.0000,135.5871,240.1792,1.0000,1
144.0000,240.0000,143.6525,240.0858,1.0000,1
152.0000,232.0000,151.7816,232.1393,1.0000,1
152.0000,216.0000,152.1323,215.9561,1.0000,1
152.0000,200.0000,151.7617,200.1035,1.0000,1
152.0000,208.0000,151.8049,208.1113,1.0000,1
136.0000,216.0000,135.5672,215.1494,1.0000,1
152.0000,224.0000,151.9563,223.6907,1.0000,1
152.0000,240.0000,151.9812,240.1819,1.0000,1
152.0000,192.0000,151.9044,191.9185,1.0000,1
144.0000,248.0000,143.7111,247.8840,1.0000,1
144.0000,208.0000,143.8093,207.8920,1.0000,1
160.0000,232.0000,159.9150,232.0865,1.0000,1
144.0000,192.0000,143.5451,191.8418,1.0000,1
136.0000,248.0000,135.1130,247.8120,1.0000,1
160.0000,240.0000,160.1876,240.3143,1.0000,1
144.0000,200.0000,143.4924,199.8899,1.0000,1
160.0000,224.0000,159.8975,223.8354,1.0000,1
272.0000,192.0000,271.8454,192.0484,1.0000,1
288.0000,232.0000,81.6863,333.1541,1.0000,0
296.0000,232.0000,410.8081,297.0177,1.0000,0
296.0000,240.0000,407.3610,303.2988,1.0000,0
472.0000,248.0000,471.9505,247.9422,1.0000,1
472.0000,240.0000,471.9981,240.0796,1.0000,1
480.0000,248.0000,479.9961,247.7691,1.0000,1
448.0000,192.0000,447.8437,192.2068,1.0000,1
464.0000,248.0000,464.0985,247.9263,1.0000,1
440.0000,208.0000,439.9096,208.1420,1.0000,1
440.0000,200.0000,439.9872,199.9846,1.0000,1
440.0000,192.0000,439.9589,191.8546,1.0000,1
464.0000,240.0000,463.9476,239.9524,1.0000,1
448.0000,208.0000,447.9773,207.6680,1.0000,1
456.0000,248.0000,455.6710,248.1779,1.0000,1
432.0000,208.0000,431.9312,208.1006,1.0000,1
432.0000,200.0000,431.4625,199.9581,1.0000,1
424.0000,192.0000,422.7744,192.9163,1.0000,1
480.0000,240.0000,479.9848,239.9171,1.0000,1
456.0000,192.0000,456.0559,192.0126,1.0000,1
432.0000,192.0000,431.3758,192.0760,1.0000,1
432.0000,248.0000,431.4543,247.7000,1.0000,1
456.0000,240.0000,455.7073,240.0611,1.0000,1
448.0000,216.0000,447.7874,215.7003,1.0000,1
448.0000,200.0000,447.9154,200.1531,1.0000,1
456.0000,224.0000,456.0142,224.0330,1.0000,1
432.0000,240.0000,432.2343,240.0230,1.0000,1
456.0000,232.0000,455.9364,232.0102,1.0000,1
440.0000,248.0000,440.5094,246.2464,1.0000,0
448.0000,224.0000,447.7685,224.1868,1.0000,1
456.0000,216.0000,455.9817,215.7738,1.0000,1
464.0000,232.0000,463.9001,231.8645,1.0000,1
584.0000,200.0000,583.9529,200.0796,1.0000,1
584.0000,192.0000,584.0206,192.0756,1.0000,1
592.0000,200.0000,591.9629,199.9825,1.0000,1
576.0000,248.0000,575.8936,248.2038,1.0000,1
600.0000,200.0000,599.9747,199.9641,1.0000,1
608.0000,216.0000,607.7587,216.3344,1.0000,1
584.0000,208.0000,583.1050,208.6320,1.0000,1
576.0000,240.0000,576.0974,240.0163,1.0000,1
592.0000,192.0000,592.0465,191.9693,1.0000,1
576.0000,200.0000,576.1573,199.8716,1.0000,1
600.0000,208.0000,599.9693,208.1160,1.0000,1
608.0000,200.0000,608.0438,199.8292,1.0000,1
600.0000,192.0000,599.9832,192.0162,1.0000,1
616.0000,232.0000,616.0739,232.1751,1.0000,1
608.0000,208.0000,607.9860,208.0249,1.0000,1
592.0000,208.0000,591.9833,208.0310,1.0000,1
576.0000,192.0000,575.8753,191.8579,1.0000,1
616.0000,224.0000,615.2818,224.1668,1.0000,1
568.0000,240.0000,567.7662,239.9139,1.0000,1
576.0000,216.0000,575.5596,216.1744,1.0000,1
584.0000,216.0000,583.2374,216.6073,1.0000,1
600.0000,216.0000,599.9543,216.2957,1.0000,1
584.0000,248.0000,583.9044,248.0846,1.0000,1
608.0000,192.0000,608.0361,192.0150,1.0000,1
576.0000,208.0000,575.4938,207.9397,1.0000,1
608.0000,224.0000,607.7658,224.2131,1.0000,1
616.0000,208.0000,615.2832,208.4932,1.0000,1
568.0000,248.0000,567.9336,248.2106,1.0000,1
752.0000,248.0000,752.0205,247.9681,1.0000,1
760.0000,216.0000,759.8826,216.1424,1.0000,1
752.0000,240.0000,751.8115,240.1338,1.0000,1
760.0000,248.0000,760.0702,248.0240,1.0000,1
760.0000,224.0000,759.9081,223.9921,1.0000,1
744.0000,248.0000,743.8498,247.8002,1.0000,1
752.0000,224.0000,751.8247,223.8804,1.0000,1
760.0000,232.0000,759.9170,232.0376,1.0000,1
760.0000,240.0000,759.9677,240.0699,1.0000,1
752.0000,216.0000,751.7667,216.3403,1.0000,1
752.0000,208.0000,751.8143,208.1301,1.0000,1
760.0000,208.0000,760.0317,207.9052,1.0000,1
752.0000,232.0000,751.8452,232.0693,1.0000,1
760.0000,200.0000,760.1213,199.6724,1.0000,1
744.0000,240.0000,743.6010,240.1956,1.0000,1
760.0000,192.0000,759.7146,192.2715,1.0000,1
744.0000,224.0000,743.8525,224.0125,1.0000,1
744.0000,232.0000,743.7082,232.0993,1.0000,1
744.0000,216.0000,743.7739,216.3251,1.0000,1
752.0000,200.0000,751.6201,199.3022,1.0000,1
736.0000,248.0000,735.3777,248.1364,1.0000,1
752.0000,192.0000,751.3959,192.0851,1.0000,1
736.0000,232.0000,735.4576,232.2525,1.0000,1
736.0000,224.0000,736.0727,223.8643,1.0000,1
720.0000,224.0000,715.8530,226.9583,1.0000,0
768.0000,216.0000,767.9797,216.0488,1.0000,1
768.0000,224.0000,767.9899,223.9811,1.0000,1
776.0000,216.0000,775.9932,216.0368,1.0000,1
768.0000,240.0000,768.3010,240.0993,1.0000,1
768.0000,208.0000,767.9936,207.9762,1.0000,1
776.0000,224.0000,776.0294,224.0840,1.0000,1
768.0000,232.0000,768.0411,232.0148,1.0000,1
792.0000,200.0000,791.8867,199.9180,1.0000,1
792.0000,208.0000,791.9706,208.0430,1.0000,1
784.0000,200.0000,784.0154,199.9065,1.0000,1
784.0000,216.0000,783.9517,216.0829,1.0000,1
784.0000,208.0000,783.9625,208.0363,1.0000,1
776.0000,232.0000,776.1193,232.0724,1.0000,1
776.0000,208.0000,776.0120,207.9658,1.0000,1
776.0000,240.0000,776.4905,239.8033,1.0000,1
784.0000,224.0000,784.1006,224.1240,1.0000,1
768.0000,248.0000,768.4237,248.0134,1.0000,1
792.0000,216.0000,791.9813,216.1307,1.0000,1
800.0000,208.0000,799.9968,208.0952,1.0000,1
768.0000,200.0000,768.0585,199.5254,1.0000,1
784.0000,232.0000,784.0020,232.1360,1.0000,1
800.0000,200.0000,799.8463,199.9985,1.0000,1
800.0000,192.0000,799.7574,192.1044,1.0000,1
800.0000,216.0000,799.8694,216.4329,1.0000,1
776.0000,200.0000,775.9207,199.6690,1.0000,1
776.0000,248.0000,776.4406,247.8434,1.0000,1
784.0000,192.0000,783.7192,191.9591,1.0000,1
792.0000,224.0000,792.3541,223.6225,1.0000,1
960.0000,208.0000,960.1711,207.8802,1.0000,1
952.0000,224.0000,951.9634,224.0002,1.0000,1
952.0000,208.0000,951.9807,207.8872,1.0000,1
952.0000,216.0000,951.9398,216.0642,1.0000,1
960.0000,216.0000,960.0075,216.0603,1.0000,1
960.0000,200.0000,959.9113,199.6491,1.0000,1
1000.0000,224.0000,999.8785,223.9323,1.0000,1
992.0000,208.0000,991.8947,207.9131,1.0000,1
944.0000,224.0000,943.5988,224.2493,1.0000,1
968.0000,200.0000,967.9492,199.9402,1.0000,1
944.0000,208.0000,943.8200,207.8832,1.0000,1
984.0000,208.0000,983.3854,208.0289,1.0000,1
952.0000,232.0000,951.8934,232.0522,1.0000,1
960.0000,224.0000,960.0153,223.9549,1.0000,1
992.0000,200.0000,991.5919,199.9505,1.0000,1
944.0000,216.0000,943.6888,216.1631,1.0000,1
992.0000,216.0000,991.8882,215.8827,1.0000,1
1000.0000,216.0000,999.9034,215.9830,1.0000,1
952.0000,240.0000,951.9168,240.0541,1.0000,1
960.0000,248.0000,959.9348,247.9230,1.0000,1
952.0000,200.0000,951.9301,199.8490,1.0000,1
960.0000,232.0000,960.0574,232.0073,1.0000,1
1000.0000,200.0000,999.5221,199.8617,1.0000,1
976.0000,200.0000,975.3995,199.9536,1.0000,1
968.0000,240.0000,967.6515,240.0975,1.0000,1
1000.0000,208.0000,999.9417,207.9097,1.0000,1
960.0000,192.0000,959.5381,191.8444,1.0000,1
968.0000,208.0000,968.2877,207.6326,1.0000,1
80.0000,304.0000,77.6432,303.5921,1.0000,0
112.0000,296.0000,111.7219,295.6862,1.0000,1
112.0000,288.0000,105.1424,291.6670,1.0000,0
104.0000,272.0000,103.5514,272.0121,1.0000,1
88.0000,280.0000,83.5882,282.4788,1.0000,0
120.0000,296.0000,120.6444,295.3129,1.0000,1
120.0000,280.0000,120.2922,280.2535,1.0000,1
112.0000,264.0000,112.0726,263.9888,1.0000,1
112.0000,280.0000,105.4545,279.8265,1.0000,0
120.0000,288.0000,113.7420,290.7801,1.0000,0
64.0000,296.0000,71.4953,297.3879,1.0000,0
104.0000,280.0000,97.6064,280.5685,1.0000,0
144.0000,256.0000,142.2029,258.6633,1.0000,0
168.0000,312.0000,167.6805,311.8047,1.0000,1
184.0000,312.0000,184.3530,312.3106,1.0000,1
176.0000,312.0000,175.4949,312.0272,1.0000,1
160.0000,312.0000,159.5908,311.4927,1.0000,1
216.0000,264.0000,215.6957,264.4442,1.0000,1
216.0000,256.0000,215.7792,256.4703,1.0000,1
168.0000,272.0000,167.5958,271.6764,1.0000,1
208.0000,264.0000,204.2392,267.9678,1.0000,0
184.0000,304.0000,183.9760,303.9486,1.0000,1
232.0000,288.0000,231.9579,287.7237,1.0000,1
168.0000,256.0000,167.1563,256.2004,1.0000,1
160.0000,304.0000,160.0581,305.0211,1.0000,1
160.0000,296.0000,159.5056,296.6575,1.0000,1
136.0000,296.0000,135.4438,296.4046,1.0000,1
160.0000,264.0000,159.7298,263.4195,1.0000,1
144.0000,272.0000,142.2662,274.9625,1.0000,0
208.0000,256.0000,207.5364,256.2117,1.0000,1
136.0000,288.0000,135.6528,288.1768,1.0000,1
160.0000,256.0000,158.7072,257.2925,1.0000,1
432.0000,280.0000,431.9489,280.0369,1.0000,1
432.0000,272.0000,431.9026,271.9920,1.0000,1
424.0000,272.0000,423.7999,271.9151,1.0000,1
432.0000,264.0000,431.8803,263.8635,1.0000,1
472.0000,256.0000,471.9169,255.9157,1.0000,1
480.0000,256.0000,480.0158,255.9439,1.0000,1
440.0000,280.0000,439.8411,280.1192,1.0000,1
488.0000,264.0000,488.1061,263.8665,1.0000,1
424.0000,280.0000,423.6367,280.0696,1.0000,1
488.0000,256.0000,488.2907,255.6561,1.0000,1
424.0000,264.0000,423.8032,263.9929,1.0000,1
448.0000,296.0000,447.7900,296.0298,1.0000,1
464.0000,256.0000,464.0448,255.8577,1.0000,1
432.0000,256.0000,431.6447,255.5604,1.0000,1
480.0000,272.0000,479.9188,271.9752,1.0000,1
488.0000,272.0000,488.0820,271.8116,1.0000,1
432.0000,288.0000,431.7283,288.3384,1.0000,1
472.0000,264.0000,471.9824,263.9802,1.0000,1
472.0000,272.0000,472.0189,271.9970,1.0000,1
408.0000,280.0000,407.6750,280.4950,1.0000,1
416.0000,280.0000,415.9192,280.0365,1.0000,1
448.0000,304.0000,447.7599,304.2237,1.0000,1
440.0000,288.0000,437.4156,289.6454,1.0000,0
480.0000,264.0000,479.9248,264.0522,1.0000,1
424.0000,256.0000,423.7105,256.3097,1.0000,1
440.0000,264.0000,439.9112,263.9510,1.0000,1
440.0000,272.0000,440.0179,272.0269,1.0000,1
416.0000,272.0000,415.6223,271.8199,1.0000,1
576.0000,264.0000,575.8723,263.9671,1.0000,1
576.0000,256.0000,575.9189,256.0137,1.0000,1
584.0000,264.0000,583.9270,263.9828,1.0000,1
592.0000,264.0000,592.0276,264.0125,1.0000,1
560.0000,272.0000,559.4139,272.2857,1.0000,1
584.0000,256.0000,583.9161,256.0094,1.0000,1
592.0000,272.0000,592.0536,272.0406,1.0000,1
568.0000,264.0000,567.8920,264.0383,1.0000,1
568.0000,256.0000,567.9529,256.2057,1.0000,1
560.0000,280.0000,559.8215,279.9823,1.0000,1
584.0000,272.0000,583.9312,272.0912,1.0000,1
560.0000,288.0000,559.8796,288.0264,1.0000,1
576.0000,272.0000,575.9172,272.0243,1.0000,1
600.0000,264.0000,600.0253,263.9821,1.0000,1
568.0000,280.0000,568.0259,280.0053,1.0000,1
600.0000,272.0000,600.0182,272.1478,1.0000,1
568.0000,272.0000,567.9885,272.0522,1.0000,1
592.0000,256.0000,592.0881,255.8802,1.0000,1
552.0000,272.0000,551.4387,272.4367,1.0000,1
552.0000,264.0000,556.1394,263.8084,1.0000,0
552.0000,280.0000,551.9446,279.8207,1.0000,1
576.0000,280.0000,576.0074,280.1093,1.0000,1
528.0000,264.0000,527.9604,264.1626,1.0000,1
600.0000,256.0000,600.0229,255.9478,1.0000,1
608.0000,256.0000,608.1674,256.0068,1.0000,1
608.0000,264.0000,608.0839,264.0305,1.0000,1
536.0000,264.0000,536.1739,263.5988,1.0000,1
744.0000,256.0000,743.8498,256.1564,1.0000,1
760.0000,264.0000,760.0554,263.9936,1.0000,1
744.0000,264.0000,743.8299,264.2450,1.0000,1
752.0000,264.0000,751.9996,264.0978,1.0000,1
752.0000,256.0000,752.0159,256.0412,1.0000,1
760.0000,272.0000,760.0046,271.9487,1.0000,1
760.0000,256.0000,760.1157,256.0292,1.0000,1
744.0000,280.0000,744.0335,279.9491,1.0000,1
744.0000,272.0000,743.9166,272.0098,1.0000,1
744.0000,288.0000,743.7729,288.2616,1.0000,1
752.0000,272.0000,751.9454,272.0501,1.0000,1
736.0000,280.0000,735.8860,279.9607,1.0000,1
736.0000,296.0000,735.8804,295.9302,1.0000,1
752.0000,280.0000,751.8658,279.9746,1.0000,1
728.0000,304.0000,727.7261,304.1756,1.0000,1
736.0000,288.0000,735.8716,288.0285,1.0000,1
736.0000,304.0000,735.8717,304.2296,1.0000,1
760.0000,280.0000,760.2008,280.2825,1.0000,1
752.0000,288.0000,752.0707,287.9099,1.0000,1
752.0000,296.0000,753.4633,295.2555,1.0000,1
744.0000,296.0000,743.7290,296.1146,1.0000,1
728.0000,296.0000,727.5876,296.1570,1.0000,1
736.0000,272.0000,735.8745,272.1353,1.0000,1
744.0000,304.0000,743.4747,304.8614,1.0000,1
752.0000,304.0000,752.8773,303.7349,1.0000,1
736.0000,256.0000,735.6318,256.0392,1.0000,1
704.0000,272.0000,703.0700,272.4727,1.0000,1
728.0000,288.0000,727.1987,288.3901,1.0000,1
768.0000,264.0000,768.1127,263.8634,1.0000,1
768.0000,272.0000,768.5023,271.9481,1.0000,1
768.0000,256.0000,768.1433,256.1437,1.0000,1
776.0000,312.0000,775.3268,312.0089,1.0000,1
776.0000,256.0000,775.6546,256.3773,1.0000,1
768.0000,312.0000,767.6412,309.1858,1.0000,0
872.0000,264.0000,870.8953,264.4031,1.0000,1
792.0000,296.0000,791.6901,296.1811,1.0000,1
864.0000,264.0000,863.6295,264.2324,1.0000,1
816.0000,256.0000,815.4471,256.1570,1.0000,1
776.0000,264.0000,775.5950,264.0135,1.0000,1
784.0000,312.0000,783.7646,312.2230,1.0000,1
864.0000,280.0000,863.4813,279.9431,1.0000,1
808.0000,256.0000,808.1329,255.4655,1.0000,1
864.0000,272.0000,863.4521,272.2260,1.0000,1
872.0000,272.0000,871.0583,272.3810,1.0000,1
856.0000,280.0000,855.4646,279.7388,1.0000,1
864.0000,256.0000,863.9279,255.8255,1.0000,1
864.0000,288.0000,863.6533,287.9692,1.0000,1
784.0000,304.0000,783.5833,304.0656,1.0000,1
856.0000,256.0000,855.6328,255.9867,1.0000,1
856.0000,288.0000,855.8361,288.0824,1.0000,1
872.0000,280.0000,870.0937,280.4679,1.0000,1
776.0000,272.0000,775.6449,271.6654,1.0000,1
976.0000,296.0000,975.7464,295.8191,1.0000,1
976.0000,304.0000,975.9050,303.7492,1.0000,1
984.0000,272.0000,983.9452,272.0304,1.0000,1
976.0000,272.0000,975.8353,271.8766,1.0000,1
984.0000,296.0000,983.6798,296.3050,1.0000,1
992.0000,280.0000,991.7668,279.9762,1.0000,1
984.0000,288.0000,983.6126,288.1772,1.0000,1
984.0000,280.0000,983.8074,279.8815,1.0000,1
976.0000,264.0000,975.3801,264.1913,1.0000,1
984.0000,304.0000,983.7393,304.1923,1.0000,1
992.0000,272.0000,992.2397,271.8029,1.0000,1
976.0000,256.0000,975.3481,256.2642,1.0000,1
992.0000,312.0000,988.7808,312.7872,1.0000,0
976.0000,280.0000,975.7859,279.9996,1.0000,1
968.0000,304.0000,967.8704,303.8099,1.0000,1
968.0000,296.0000,967.6989,295.7860,1.0000,1
976.0000,312.0000,975.6608,312.1466,1.0000,1
984.0000,312.0000,983.6537,312.1520,1.0000,1
976.0000,288.0000,975.6392,287.9673,1.0000,1
992.0000,288.0000,991.5694,288.2883,1.0000,1
968.0000,288.0000,967.3937,287.5617,1.0000,1
984.0000,264.0000,983.7130,264.2787,1.0000,1
1000.0000,280.0000,996.6223,280.7998,1.0000,0
992.0000,304.0000,991.6403,304.0138,1.0000,1
968.0000,256.0000,967.7334,256.1510,1.0000,1
992.0000,296.0000,991.7397,295.9759,1.0000,1
1000.0000,272.0000,999.3986,272.9693,1.0000,1
992.0000,264.0000,992.3057,263.5239,1.0000,1
336.0000,296.0000,338.3037,294.2901,1.0000,0
328.0000,304.0000,327.1950,305.3243,1.0000,1
336.0000,304.0000,338.1704,301.4101,1.0000,0
344.0000,304.0000,344.7578,303.4375,1.0000,1
328.0000,312.0000,326.5907,312.4439,1.0000,1
336.0000,312.0000,337.4586,310.6609,1.0000,0
344.0000,312.0000,344.1311,312.4626,1.0000,1
56.0000,376.0000,55.6616,376.0324,1.0000,1
32.0000,336.0000,31.0436,335.2325,1.0000,1
48.0000,376.0000,48.6463,375.2983,1.0000,1
40.0000,368.0000,45.8502,368.1565,1.0000,0
32.0000,328.0000,32.5120,325.1009,1.0000,0
40.0000,360.0000,46.0683,360.1719,1.0000,0
160.0000,320.0000,159.7404,319.9057,1.0000,1
168.0000,320.0000,167.6498,320.2886,1.0000,1
176.0000,320.0000,175.8326,320.6651,1.0000,1
184.0000,320.0000,184.7173,320.5680,1.0000,1
192.0000,320.0000,192.8965,320.2566,1.0000,1
160.0000,328.0000,159.4532,329.0165,1.0000,1
176.0000,328.0000,175.9082,328.6448,1.0000,1
184.0000,328.0000,184.1865,328.1430,1.0000,1
192.0000,328.0000,192.2526,327.9599,1.0000,1
184.0000,336.0000,184.1850,336.2032,1.0000,1
192.0000,336.0000,191.9322,335.9224,1.0000,1
192.0000,344.0000,191.8911,344.1477,1.0000,1
136.0000,360.0000,407.8869,40.3376,1.0000,0
224.0000,360.0000,223.8438,359.7395,1.0000,1
224.0000,368.0000,223.5563,368.4417,1.0000,1
232.0000,368.0000,231.6529,368.6061,1.0000,1
176.0000,376.0000,175.2520,374.2082,1.0000,1
232.0000,376.0000,231.8851,376.6653,1.0000,1
248.0000,376.0000,243.7475,376.6349,1.0000,0
336.0000,320.0000,336.9912,321.1550,1.0000,1
344.0000,320.0000,343.9746,320.6369,1.0000,1
336.0000,328.0000,336.1177,328.1274,1.0000,1
344.0000,328.0000,343.0890,327.8792,1.0000,1
336.0000,336.0000,335.6155,335.8448,1.0000,1
296.0000,344.0000,295.6323,344.1415,1.0000,1
264.0000,376.0000,264.0485,375.8854,1.0000,1
272.0000,376.0000,272.2627,375.5442,1.0000,1
280.0000,376.0000,280.3716,375.1609,1.0000,1
480.0000,328.0000,479.8716,328.1488,1.0000,1
488.0000,328.0000,488.2605,327.8138,1.0000,1
488.0000,336.0000,488.1219,335.8856,1.0000,1
480.0000,320.0000,479.9432,319.8977,1.0000,1
488.0000,320.0000,487.9718,319.9552,1.0000,1
480.0000,336.0000,479.3680,336.8246,1.0000,1
448.0000,320.0000,447.9146,320.2306,1.0000,1
488.0000,344.0000,487.4511,344.7950,1.0000,1
448.0000,328.0000,446.0078,330.3333,1.0000,0
504.0000,360.0000,504.1785,360.1979,1.0000,1
456.0000,336.0000,455.9344,336.4794,1.0000,1
496.0000,328.0000,495.3124,328.8373,1.0000,1
456.0000,344.0000,455.4357,345.6268,1.0000,1
472.0000,320.0000,471.7011,320.1902,1.0000,1
496.0000,352.0000,493.6367,354.7329,1.0000,0
632.0000,368.0000,631.6790,368.1778,1.0000,1
528.0000,368.0000,518.4199,370.6441,1.0000,0
584.0000,376.0000,583.2711,376.2974,1.0000,1
624.0000,368.0000,622.1871,368.6098,1.0000,1
528.0000,328.0000,527.8222,328.2403,1.0000,1
536.0000,376.0000,526.3187,377.8188,1.0000,0
536.0000,360.0000,530.0596,360.3246,1.0000,0
528.0000,336.0000,527.9664,335.8235,1.0000,1
528.0000,320.0000,528.0906,320.1135,1.0000,1
544.0000,368.0000,533.7774,368.0650,1.0000,0
520.0000,368.0000,508.2142,367.9326,1.0000,0
528.0000,344.0000,527.8292,344.7366,1.0000,1
536.0000,352.0000,525.1586,354.5370,1.0000,0
544.0000,360.0000,544.2482,360.2293,1.0000,1
584.0000,320.0000,578.1779,318.3831,1.0000,0
760.0000,336.0000,759.5817,336.7888,1.0000,1
696.0000,368.0000,696.0154,368.1293,1.0000,1
760.0000,328.0000,759.6102,328.4808,1.0000,1
760.0000,320.0000,759.9292,319.9251,1.0000,1
704.0000,352.0000,703.9922,352.1715,1.0000,1
696.0000,360.0000,695.7000,360.0033,1.0000,1
704.0000,360.0000,704.1859,360.3315,1.0000,1
712.0000,336.0000,711.9858,335.6741,1.0000,1
680.0000,328.0000,679.5669,328.4774,1.0000,1
688.0000,320.0000,688.1523,320.1034,1.0000,1
696.0000,352.0000,695.6153,351.8195,1.0000,1
712.0000,328.0000,711.7264,327.6789,1.0000,1
688.0000,344.0000,687.7104,343.7186,1.0000,1
696.0000,376.0000,695.5411,376.5707,1.0000,1
720.0000,328.0000,720.9245,327.4344,1.0000,1
704.0000,336.0000,703.9268,335.7572,1.0000,1
696.0000,336.0000,695.7546,336.0836,1.0000,1
688.0000,328.0000,688.1078,327.9965,1.0000,1
712.0000,344.0000,712.2670,343.9757,1.0000,1
760.0000,344.0000,759.4268,344.5886,1.0000,1
752.0000,320.0000,751.4999,320.2303,1.0000,1
688.0000,376.0000,687.9791,376.1414,1.0000,1
688.0000,336.0000,687.9117,336.0902,1.0000,1
680.0000,320.0000,679.7532,319.7620,1.0000,1
688.0000,368.0000,687.9050,367.7732,1.0000,1
720.0000,320.0000,720.1400,320.1620,1.0000,1
688.0000,352.0000,687.3463,351.8558,1.0000,1
696.0000,344.0000,695.7260,344.0633,1.0000,1
768.0000,344.0000,767.7130,344.1297,1.0000,1
792.0000,352.0000,791.7328,352.1016,1.0000,1
768.0000,320.0000,767.7408,319.3246,1.0000,1
864.0000,376.0000,863.8226,376.0941,1.0000,1
768.0000,328.0000,768.0361,328.1845,1.0000,1
776.0000,320.0000,775.5692,320.0297,1.0000,1
776.0000,352.0000,775.7815,351.9975,1.0000,1
800.0000,352.0000,799.9646,351.8178,1.0000,1
776.0000,344.0000,775.7539,343.9988,1.0000,1
768.0000,336.0000,768.0455,336.3381,1.0000,1
880.0000,376.0000,879.4555,375.8937,1.0000,1
784.0000,344.0000,783.6838,344.1803,1.0000,1
872.0000,376.0000,871.4145,376.0262,1.0000,1
856.0000,376.0000,856.1275,375.9084,1.0000,1
856.0000,352.0000,855.8820,351.9233,1.0000,1
848.0000,360.0000,847.9965,359.6358,1.0000,1
776.0000,336.0000,775.6672,336.3081,1.0000,1
800.0000,344.0000,799.8273,344.0520,1.0000,1
848.0000,344.0000,847.8581,344.1893,1.0000,1
776.0000,328.0000,775.6678,328.2660,1.0000,1
856.0000,368.0000,856.0584,367.8113,1.0000,1
800.0000,360.0000,800.1479,359.4691,1.0000,1
784.0000,320.0000,783.8219,320.1846,1.0000,1
792.0000,360.0000,792.1419,359.1269,1.0000,1
856.0000,360.0000,856.0515,359.7306,1.0000,1
792.0000,344.0000,791.7063,344.1730,1.0000,1
784.0000,360.0000,783.3034,359.5466,1.0000,1
784.0000,368.0000,783.6234,367.2797,1.0000,1
992.0000,352.0000,991.9784,352.0688,1.0000,1
992.0000,360.0000,991.9996,360.0206,1.0000,1
992.0000,344.0000,991.8423,344.0042,1.0000,1
1000.0000,360.0000,999.7023,360.1269,1.0000,1
992.0000,368.0000,992.0015,368.0038,1.0000,1
1000.0000,352.0000,999.9160,352.1106,1.0000,1
984.0000,360.0000,983.9947,360.0273,1.0000,1
984.0000,368.0000,984.0295,367.9946,1.0000,1
992.0000,376.0000,992.0444,376.0153,1.0000,1
1000.0000,368.0000,999.6979,368.0948,1.0000,1
984.0000,344.0000,983.7791,343.8438,1.0000,1
984.0000,352.0000,983.8580,352.1586,1.0000,1
984.0000,376.0000,983.9907,376.0188,1.0000,1
984.0000,336.0000,983.6765,335.7982,1.0000,1
992.0000,336.0000,991.8033,335.9622,1.0000,1
976.0000,376.0000,975.5943,375.9836,1.0000,1
1000.0000,344.0000,999.9024,343.9520,1.0000,1
968.0000,376.0000,967.3994,375.7619,1.0000,1
1000.0000,376.0000,999.9711,376.1491,1.0000,1
992.0000,328.0000,991.9266,327.9294,1.0000,1
976.0000,352.0000,975.8575,351.9987,1.0000,1
976.0000,360.0000,975.8184,360.0475,1.0000,1
976.0000,344.0000,975.5619,343.2975,1.0000,1
976.0000,368.0000,975.6538,368.1296,1.0000,1
976.0000,336.0000,975.3918,335.4683,1.0000,1
984.0000,320.0000,983.7341,320.0539,1.0000,1
1000.0000,336.0000,999.8862,336.0791,1.0000,1
72.0000,392.0000,71.6867,392.4764,1.0000,1
40.0000,408.0000,39.0349,410.3435,1.0000,0
48.0000,424.0000,48.4562,422.5759,1.0000,1
56.0000,384.0000,55.5809,384.3830,1.0000,1
64.0000,384.0000,63.4558,384.6287,1.0000,1
72.0000,424.0000,71.8600,424.1437,1.0000,1
64.0000,432.0000,63.4998,432.0702,1.0000,1
40.0000,424.0000,40.0801,423.3423,1.0000,1
40.0000,384.0000,40.1506,384.1046,1.0000,1
56.0000,392.0000,48.7830,391.4826,1.0000,0
48.0000,432.0000,47.6143,432.3594,1.0000,1
16.0000,400.0000,15.6982,399.6948,1.0000,1
48.0000,384.0000,47.8024,384.7315,1.0000,1
160.0000,432.0000,159.8707,431.8779,1.0000,1
168.0000,432.0000,168.1748,432.0145,1.0000,1
160.0000,424.0000,159.7958,424.0279,1.0000,1
160.0000,440.0000,159.6854,440.0000,1.0000,1
168.0000,424.0000,167.9202,424.2678,1.0000,1
176.0000,392.0000,175.7912,392.6166,1.0000,1
208.0000,400.0000,207.7322,400.0076,1.0000,1
216.0000,400.0000,216.1527,400.1579,1.0000,1
168.0000,416.0000,168.0017,415.8412,1.0000,1
208.0000,408.0000,207.7558,408.4440,1.0000,1
168.0000,440.0000,167.7715,439.9114,1.0000,1
160.0000,416.0000,159.8702,416.0367,1.0000,1
152.0000,432.0000,151.7052,431.4336,1.0000,1
216.0000,416.0000,215.9555,415.9066,1.0000,1
176.0000,400.0000,175.6274,400.5755,1.0000,1
152.0000,440.0000,151.5452,440.0092,1.0000,1
176.0000,408.0000,175.5165,408.7206,1.0000,1
240.0000,384.0000,238.5888,385.2443,1.0000,1
264.0000,408.0000,263.6256,407.6413,1.0000,1
264.0000,392.0000,262.4554,393.9212,1.0000,0
264.0000,400.0000,263.5802,399.6500,1.0000,1
264.0000,416.0000,263.6649,416.0333,1.0000,1
264.0000,424.0000,263.4636,424.0131,1.0000,1
280.0000,392.0000,280.1311,392.0389,1.0000,1
280.0000,408.0000,279.6753,408.3263,1.0000,1
272.0000,424.0000,271.6098,424.3902,1.0000,1
280.0000,416.0000,279.9162,416.0079,1.0000,1
272.0000,416.0000,272.1649,415.5570,1.0000,1
256.0000,440.0000,253.3296,440.7357,1.0000,0
272.0000,432.0000,271.5781,432.4847,1.0000,1
280.0000,440.0000,279.9660,439.9799,1.0000,1
256.0000,432.0000,254.2712,431.3501,1.0000,1
264.0000,440.0000,264.0014,440.0809,1.0000,1
264.0000,432.0000,263.5545,431.9115,1.0000,1
280.0000,432.0000,280.1057,432.0124,1.0000,1
288.0000,440.0000,288.3719,439.7982,1.0000,1
280.0000,424.0000,280.0514,423.9085,1.0000,1
440.0000,384.0000,439.8740,384.0312,1.0000,1
448.0000,384.0000,451.6240,361.0028,1.0000,0
440.0000,392.0000,439.9783,392.0445,1.0000,1
432.0000,400.0000,431.7561,400.1678,1.0000,1
448.0000,416.0000,447.7341,416.8765,1.0000,1
456.0000,416.0000,456.2375,416.1415,1.0000,1
448.0000,424.0000,446.3166,424.6487,1.0000,1
456.0000,424.0000,456.0676,423.9182,1.0000,1
416.0000,432.0000,408.6765,435.2905,1.0000,0
440.0000,432.0000,382.7436,432.4629,1.0000,0
456.0000,432.0000,455.6107,431.8979,1.0000,1
464.0000,432.0000,464.3560,432.1800,1.0000,1
424.0000,440.0000,411.7795,439.6134,1.0000,0
440.0000,440.0000,431.0711,442.3113,1.0000,0
456.0000,440.0000,455.3680,440.4629,1.0000,1
464.0000,440.0000,463.9112,440.6129,1.0000,1
568.0000,384.0000,567.0172,384.1326,1.0000,1
584.0000,384.0000,583.8600,384.0966,1.0000,1
592.0000,384.0000,591.9080,384.1373,1.0000,1
568.0000,392.0000,565.6040,393.8661,1.0000,0
576.0000,392.0000,575.3043,392.3669,1.0000,1
584.0000,392.0000,584.0446,391.9352,1.0000,1
760.0000,416.0000,760.2900,415.9563,1.0000,1
760.0000,408.0000,760.0396,408.2301,1.0000,1
760.0000,400.0000,759.9257,400.0376,1.0000,1
760.0000,424.0000,760.4334,423.8926,1.0000,1
760.0000,432.0000,760.5672,432.7771,1.0000,1
760.0000,440.0000,760.1827,439.9748,1.0000,1
752.0000,432.0000,751.5619,433.2482,1.0000,1
752.0000,424.0000,751.7700,424.2278,1.0000,1
760.0000,392.0000,759.8916,392.0005,1.0000,1
752.0000,416.0000,751.8116,416.0390,1.0000,1
752.0000,408.0000,751.1398,407.8361,1.0000,1
752.0000,400.0000,751.5901,399.7778,1.0000,1
752.0000,440.0000,751.4388,440.7935,1.0000,1
760.0000,384.0000,759.4073,383.3294,1.0000,1
688.0000,384.0000,687.6506,383.7952,1.0000,1
752.0000,392.0000,751.8090,391.2224,1.0000,1
744.0000,432.0000,742.3323,433.0578,1.0000,1
696.0000,384.0000,695.2514,384.4205,1.0000,1
688.0000,392.0000,687.9968,391.9937,1.0000,1
680.0000,384.0000,679.4828,384.0954,1.0000,1
680.0000,392.0000,679.2945,392.5462,1.0000,1
744.0000,440.0000,742.4120,441.7239,1.0000,0
752.0000,384.0000,751.4976,382.6525,1.0000,1
872.0000,392.0000,871.9306,391.8777,1.0000,1
864.0000,384.0000,863.6973,384.0520,1.0000,1
872.0000,384.0000,871.7940,383.8676,1.0000,1
768.0000,400.0000,767.8399,400.0470,1.0000,1
864.0000,408.0000,863.6025,408.1311,1.0000,1
768.0000,408.0000,767.7731,408.0248,1.0000,1
864.0000,416.0000,863.8796,416.0132,1.0000,1
864.0000,392.0000,863.5240,391.9517,1.0000,1
872.0000,432.0000,872.0395,431.7868,1.0000,1
872.0000,424.0000,871.7414,423.7477,1.0000,1
768.0000,416.0000,767.6353,415.7732,1.0000,1
768.0000,424.0000,767.7396,423.9293,1.0000,1
768.0000,432.0000,768.1539,431.9189,1.0000,1
872.0000,440.0000,872.0356,439.7571,1.0000,1
872.0000,400.0000,871.8843,400.0952,1.0000,1
864.0000,424.0000,864.0023,423.6634,1.0000,1
864.0000,432.0000,863.7808,431.9265,1.0000,1
864.0000,400.0000,863.5829,400.0132,1.0000,1
768.0000,392.0000,767.9990,392.1182,1.0000,1
768.0000,440.0000,768.0396,439.8732,1.0000,1
856.0000,384.0000,855.8793,384.5084,1.0000,1
776.0000,400.0000,775.9509,400.0559,1.0000,1
776.0000,392.0000,776.2254,392.0779,1.0000,1
872.0000,416.0000,871.4439,416.0442,1.0000,1
864.0000,440.0000,863.7587,440.0830,1.0000,1
872.0000,408.0000,871.5834,408.0527,1.0000,1
776.0000,384.0000,776.1024,384.3155,1.0000,1
880.0000,392.0000,879.8483,391.8811,1.0000,1
976.0000,384.0000,975.7613,383.8663,1.0000,1
984.0000,384.0000,983.9371,384.1248,1.0000,1
984.0000,392.0000,983.9359,391.9362,1.0000,1
984.0000,400.0000,983.8270,399.9843,1.0000,1
976.0000,392.0000,975.9092,392.0047,1.0000,1
984.0000,408.0000,983.7742,408.1801,1.0000,1
992.0000,392.0000,992.0294,391.9138,1.0000,1
976.0000,400.0000,975.8485,400.0586,1.0000,1
968.0000,408.0000,967.9094,408.0583,1.0000,1
992.0000,400.0000,991.9480,400.0328,1.0000,1
968.0000,416.0000,967.5502,416.2970,1.0000,1
960.0000,416.0000,959.6868,415.9579,1.0000,1
968.0000,384.0000,967.6198,383.6746,1.0000,1
992.0000,384.0000,992.1099,384.0688,1.0000,1
960.0000,408.0000,959.8615,408.1818,1.0000,1
968.0000,432.0000,967.3817,432.0569,1.0000,1
992.0000,408.0000,991.9899,408.2899,1.0000,1
960.0000,424.0000,959.7771,423.8574,1.0000,1
968.0000,424.0000,967.4492,424.1546,1.0000,1
960.0000,384.0000,959.6719,383.6500,1.0000,1
976.0000,408.0000,975.9052,408.0911,1.0000,1
984.0000,416.0000,983.9341,416.0049,1.0000,1
960.0000,432.0000,959.7814,432.0515,1.0000,1
968.0000,400.0000,967.9326,400.0158,1.0000,1
968.0000,440.0000,967.2075,440.1226,1.0000,1
1000.0000,384.0000,999.9810,384.0963,1.0000,1
960.0000,400.0000,959.9567,399.9416,1.0000,1
976.0000,424.0000,975.4031,424.2823,1.0000,1
72.0000,456.0000,79.6920,458.3612,1.0000,0
160.0000,464.0000,159.6245,464.4579,1.0000,1
168.0000,448.0000,167.7034,448.6789,1.0000,1
248.0000,448.0000,245.4698,449.3557,1.0000,0
160.0000,472.0000,159.6147,472.3510,1.0000,1
248.0000,456.0000,247.0184,457.2494,1.0000,1
160.0000,480.0000,159.7617,480.0830,1.0000,1
160.0000,456.0000,160.5860,455.1257,1.0000,1
152.0000,472.0000,151.5063,472.2368,1.0000,1
160.0000,488.0000,159.8339,488.2177,1.0000,1
152.0000,480.0000,151.8935,479.7606,1.0000,1
192.0000,472.0000,191.7770,471.9470,1.0000,1
248.0000,480.0000,244.2038,483.1050,1.0000,0
152.0000,464.0000,150.8173,464.5365,1.0000,1
200.0000,464.0000,199.6550,464.2521,1.0000,1
152.0000,488.0000,152.0363,487.9472,1.0000,1
248.0000,472.0000,245.2237,473.6085,1.0000,0
200.0000,472.0000,199.5084,471.8455,1.0000,1
168.0000,480.0000,168.4359,479.9028,1.0000,1
152.0000,456.0000,152.2439,455.9846,1.0000,1
160.0000,448.0000,159.7966,447.7381,1.0000,1
168.0000,488.0000,167.9155,487.8818,1.0000,1
248.0000,464.0000,247.3168,464.2579,1.0000,1
152.0000,448.0000,151.5610,448.0333,1.0000,1
168.0000,472.0000,166.8057,471.0009,1.0000,1
168.0000,456.0000,164.6334,458.5164,1.0000,0
280.0000,464.0000,279.8770,463.9919,1.0000,1
280.0000,456.0000,280.1420,455.7969,1.0000,1
280.0000,472.0000,279.7339,472.4733,1.0000,1
272.0000,456.0000,271.9337,456.2348,1.0000,1
280.0000,480.0000,276.8030,481.8235,1.0000,0
280.0000,448.0000,280.0479,447.8752,1.0000,1
304.0000,464.0000,304.0375,463.9247,1.0000,1
304.0000,472.0000,303.2094,471.6219,1.0000,1
312.0000,480.0000,312.0896,480.3186,1.0000,1
272.0000,480.0000,268.7631,478.8138,1.0000,0
312.0000,488.0000,311.3640,488.9527,1.0000,1
304.0000,480.0000,302.2844,482.6040,1.0000,0
272.0000,448.0000,271.9303,448.2177,1.0000,1
280.0000,488.0000,276.6358,488.7549,1.0000,0
320.0000,472.0000,320.9395,471.5155,1.0000,1
400.0000,448.0000,396.9403,450.3173,1.0000,0
408.0000,448.0000,407.6361,448.0714,1.0000,1
408.0000,456.0000,407.5665,457.6132,1.0000,1
400.0000,464.0000,399.8105,464.7935,1.0000,1
408.0000,464.0000,408.5566,463.7086,1.0000,1
408.0000,472.0000,407.9442,472.3574,1.0000,1
416.0000,472.0000,416.3369,471.5756,1.0000,1
408.0000,480.0000,403.8795,483.0611,1.0000,0
400.0000,488.0000,398.5071,487.7941,1.0000,1
576.0000,456.0000,575.8984,456.4344,1.0000,1
568.0000,464.0000,563.3741,467.1387,1.0000,0
576.0000,464.0000,574.6424,466.8981,1.0000,0
584.0000,464.0000,584.4126,464.1167,1.0000,1
552.0000,472.0000,551.2801,470.1625,1.0000,1
560.0000,472.0000,556.0228,471.9491,1.0000,0
568.0000,472.0000,563.7607,474.4968,1.0000,0
600.0000,472.0000,589.3897,471.6899,1.0000,0
552.0000,480.0000,551.2462,479.3380,1.0000,1
560.0000,480.0000,559.6437,478.6426,1.0000,1
568.0000,480.0000,568.1798,479.7444,1.0000,1
528.0000,488.0000,527.7436,487.8253,1.0000,1
536.0000,488.0000,535.9339,487.1080,1.0000,1
544.0000,488.0000,539.0026,489.3025,1.0000,0
552.0000,488.0000,551.4407,487.8389,1.0000,1
560.0000,488.0000,559.8060,488.4515,1.0000,1
608.0000,488.0000,596.1518,484.6520,1.0000,0
656.0000,448.0000,52.3743,488.9060,1.0000,0
752.0000,448.0000,751.8781,447.8093,1.0000,1
760.0000,448.0000,759.7580,448.1703,1.0000,1
656.0000,464.0000,644.2741,467.2222,1.0000,0
656.0000,472.0000,644.8615,473.2366,1.0000,0
696.0000,472.0000,695.8340,471.2952,1.0000,1
704.0000,472.0000,703.6231,470.4507,1.0000,1
712.0000,472.0000,712.7888,471.0291,1.0000,1
720.0000,472.0000,720.0602,472.5697,1.0000,1
688.0000,480.0000,682.8779,480.7082,1.0000,0
696.0000,480.0000,695.7150,479.2032,1.0000,1
704.0000,480.0000,704.0436,479.1261,1.0000,1
712.0000,480.0000,712.5161,480.2596,1.0000,1
720.0000,480.0000,719.9574,480.2258,1.0000,1
688.0000,488.0000,687.5158,487.4648,1.0000,1
696.0000,488.0000,695.5128,487.9311,1.0000,1
704.0000,488.0000,703.9669,488.0845,1.0000,1
712.0000,488.0000,712.0325,488.0990,1.0000,1
720.0000,488.0000,719.9647,488.5219,1.0000,1
872.0000,448.0000,872.0934,447.8874,1.0000,1
768.0000,448.0000,767.7343,448.3815,1.0000,1
872.0000,456.0000,872.0116,456.1810,1.0000,1
880.0000,448.0000,879.9657,448.1297,1.0000,1
864.0000,456.0000,861.6151,454.5606,1.0000,0
888.0000,472.0000,887.9762,472.3735,1.0000,1
888.0000,480.0000,887.8499,480.3432,1.0000,1
872.0000,464.0000,871.9615,464.0851,1.0000,1
848.0000,472.0000,847.6520,472.3206,1.0000,1
856.0000,472.0000,855.6709,471.9929,1.0000,1
880.0000,464.0000,879.5983,463.7026,1.0000,1
856.0000,464.0000,855.7161,463.7310,1.0000,1
880.0000,456.0000,879.9391,455.9178,1.0000,1
776.0000,448.0000,776.0291,448.3800,1.0000,1
888.0000,448.0000,885.1052,449.4752,1.0000,0
848.0000,464.0000,847.8782,463.7305,1.0000,1
848.0000,480.0000,847.5941,480.0590,1.0000,1
888.0000,456.0000,887.5844,456.1996,1.0000,1
856.0000,456.0000,851.2186,455.6497,1.0000,0
848.0000,488.0000,847.5946,487.7348,1.0000,1
856.0000,448.0000,855.2014,447.7791,1.0000,1
864.0000,464.0000,863.8342,464.0482,1.0000,1
768.0000,456.0000,767.5533,456.6883,1.0000,1
888.0000,464.0000,887.8707,463.7830,1.0000,1
776.0000,456.0000,775.6371,455.9571,1.0000,1
840.0000,464.0000,839.6638,463.7798,1.0000,1
880.0000,472.0000,879.7406,472.1510,1.0000,1
920.0000,480.0000,920.0193,479.8222,1.0000,1
928.0000,464.0000,927.6884,464.0430,1.0000,1
920.0000,472.0000,920.0390,471.7925,1.0000,1
928.0000,456.0000,927.8202,455.8619,1.0000,1
920.0000,464.0000,919.8943,463.8822,1.0000,1
936.0000,456.0000,935.6630,456.1239,1.0000,1
944.0000,448.0000,943.9068,447.7748,1.0000,1
912.0000,488.0000,911.9045,487.8290,1.0000,1
920.0000,488.0000,920.0803,487.7891,1.0000,1
984.0000,464.0000,983.4945,464.2008,1.0000,1
944.0000,464.0000,940.2674,464.5314,1.0000,0
912.0000,480.0000,911.8525,479.4377,1.0000,1
1000.0000,480.0000,999.8571,479.5761,1.0000,1
968.0000,448.0000,967.0342,448.2970,1.0000,1
928.0000,480.0000,927.7766,480.3383,1.0000,1
920.0000,456.0000,919.8699,455.9236,1.0000,1
928.0000,472.0000,927.8011,472.0626,1.0000,1
936.0000,464.0000,935.4707,464.0558,1.0000,1
1000.0000,488.0000,1000.0234,488.2161,1.0000,1
904.0000,488.0000,903.7596,487.7060,1.0000,1
992.0000,464.0000,992.1071,462.5450,1.0000,1
960.0000,472.0000,959.7010,472.0465,1.0000,1
936.0000,480.0000,935.4858,480.2056,1.0000,1
984.0000,472.0000,983.6281,472.8216,1.0000,1
944.0000,456.0000,943.8345,456.4590,1.0000,1
960.0000,464.0000,959.6374,463.4132,1.0000,1
